NZM,BRAF,NRAS,KRAS,PIK3CA,GNA11,CTNNB1,PTK2B,MET,PDGFRA,TERT
NZM01,,,,,,,,,,C250T
NZM02,,,,,,,,,,C250T
NZM03,V600K ,,,,,,,,,
NZM04,V600E ,,,,,,,,,C228T
NZM05,,Q61R ,,,,,,,,C250T
NZM06,V600E,,,,,,,,,
NZM07,V600E ,,,,,,R429C,,,C250T
NZM09,,,,,,,,,,
NZM10,,Q61K ,,,,,,,,C228T
NZM11,V600E,,,,,S45F,,,,
NZM12,V600E,,,,,,,,,C250T
NZM13,,,G13D,H1047L,,,,,,
NZM14,V600K ,,,,,,,,,C228T
NZM15,,Q61K ,,,,,,,,C228T/C250T
NZM16,,,,,,,,,,C250T
NZM17,,Q61K ,,,,,,,,C250T
NZM18,,,,,,,,,,
NZM19,,,,,,,,,,
NZM20,V600E ,,,,,,,,,C228T
NZM21,,,,,,,,,,
NZM22,G466A ,,,,,,,,,C228T
NZM23,,,,,,,,,,C228T
NZM24,,G12D ,,,,,,,,C228T
NZM25,,,,,,,,,,
NZM26,V600E ,,,,,,,,,
NZM27,,,,,,,,,,C228T
NZM28,G469A ,,,,,,,,,
NZM29,,,,,,,,,,
NZM30,V600E ,,,,,,,,,C228T
NZM31,V600E ,,,,,,,,,C250T
NZM32,V600E ,,,,,,,,,C250T
NZM33,,Q61R ,,,,,,,,
NZM34,V600E ,,,,,,,,,C250T
NZM35,V600E ,,,,,,,,,C228T
NZM36,,,,,,,,,,C228T
NZM37,,,,,,S45F,,,,C228T
NZM38,V600E ,,,,,,,,,C228T
NZM39,,,,,,,,,,
NZM40,                 ,Q61H ,,H1047R,,,,,,C228T
NZM41,,,,,,,,,,C250T
NZM42,,Q61K ,,,,,,,,C250T
NZM43,V600K ,,,,,,,,,
NZM44,,,,,,,,,,
NZM45,,Q61L ,,,R183C,,,,,
NZM46,V600E ,,,,,,,,,C228T
NZM47,,,,,Q209L,,,,,C250T
NZM48,,Q61K ,,,,,,,,C250T
NZM49,V600E ,,,,,,,,,
NZM50,,,,,,,,,,
NZM52,V600E ,,,H1047R,,,,,,C228T
NZM53,,,,,,,,,,C250T
NZM54,V600E ,,,,,,,,,C250T
NZM55,V600E ,,,,,,,,,C228T
NZM56,,,G12C,,,,,,,
NZM57,,,,,,,,,,C228T
NZM58,V600E ,,,,,,,,,C250T
NZM59,,Q61R ,,,,,,,,C228T
NZM60 ,,Q61H ,,,,,,,,
NZM61,,Q61L ,,,,,,,,C228T
NZM62,V600E ,,,,,,,,,C250T
NZM63,,G13R ,,,,,,,,
NZM64,,,,,,,,,,C250T
NZM65,V600E ,,,,,,,,,C250T
NZM66,V600E ,,,,,,,,,
NZM67,V600E ,,,,,,,,,C228T
NZM68,,,,,,,,,,
NZM69,V600E ,,,,,,,,,
NZM70,,,,,,,,,,C228T
NZM71,V600E ,,,,,,,,,
NZM72,,,,,,,,,,C228T
NZM73,V600E ,,,,,,,,,
NZM74,,Q61K ,,,,,,,,C250T
NZM75,,,,,,,,,,
NZM76,V600E ,,,,,,,,,C228T
NZM77,V600E ,,,,,,,,,C228T
NZM78,,Q61R ,,,,,,T992I,,
NZM79,V600R ,,,,,,,,,C228T
NZM80,,,,,,,,,,
NZM81,V600E ,,,,,,,,,
NZM82,V600E ,,,,,,,,,C250T
NZM83,,,,,Q209L,,,,,
NZM84,,,,,,,,,,
NZM85,V600E ,,,,,,,,,C228T
NZM86,,Q61K ,,,,,,,,
NZM87,V600E ,,,,,,,,E996K,C250T
NZM88,,,,,,,,,,C228T
NZM89,,Q61R ,,,,,,,,
NZM90,V600E ,,,,,,,,,
NZM91,,,,E545K,,,,,,
NZM92,,Q61K ,,,,,,,,C250T
NZM93,,Q61R ,,,,,,,,
NZM94,,,,,,,,,,
NZM95,,,,,,,,,,C228T
NZM96,,Q61L ,,,,,,,,C250T
NZM97,,Q61R ,,,,,,,,C228T
NZM98,,Q61K ,,,,S45F,,,,C228T
NZM99,,Q61H ,,,,,,,D1071N,C228T
NZM100,V600K ,,,,,,,,,
NZM101,V600E,,,,,,,,,
NZM102,V600E ,,,,,,,,,C250T
NZM103,V600E,,,,,,,,,C228T
NZM104,,Q61R ,,,,,,,,