"NZM","BRAF","NRAS","KRAS","PIK3CA","GNA11","CTNNB1","PTK2B","MET","PDGFRA","TERT","NZM_matched","mut.subtype"
"NZM01",NA,NA,NA,NA,NA,NA,NA,NA,NA,"C250T","NZM01","WT"
"NZM100","V600K",NA,NA,NA,NA,NA,NA,NA,NA,"WT","NZM100","BRAF"
"NZM101","V600E",NA,NA,NA,NA,NA,NA,NA,NA,"WT","NZM101","BRAF"
"NZM102","V600E",NA,NA,NA,NA,NA,NA,NA,NA,"C250T","NZM102","BRAF"
"NZM104",NA,"Q61R",NA,NA,NA,NA,NA,NA,NA,"WT","NZM104","NRAS"
"NZM13",NA,NA,"G13D","H1047L",NA,NA,NA,NA,NA,"WT","NZM13","WT"
"NZM16",NA,NA,NA,NA,NA,NA,NA,NA,NA,"C250T","NZM16","WT"
"NZM17",NA,"Q61K",NA,NA,NA,NA,NA,NA,NA,"C250T","NZM17","NRAS"
"NZM02",NA,NA,NA,NA,NA,NA,NA,NA,NA,"C250T","NZM02","WT"
"NZM20","V600E",NA,NA,NA,NA,NA,NA,NA,NA,"C228T","NZM20","BRAF"
"NZM23",NA,NA,NA,NA,NA,NA,NA,NA,NA,"C228T","NZM23","WT"
"NZM24",NA,"G12D",NA,NA,NA,NA,NA,NA,NA,"C228T","NZM24","NRAS"
"NZM28","G469A",NA,NA,NA,NA,NA,NA,NA,NA,"WT","NZM28","BRAF"
"NZM03","V600K",NA,NA,NA,NA,NA,NA,NA,NA,"WT","NZM03","BRAF"
"NZM30","V600E",NA,NA,NA,NA,NA,NA,NA,NA,"C228T","NZM30","BRAF"
"NZM31","V600E",NA,NA,NA,NA,NA,NA,NA,NA,"C250T","NZM31","BRAF"
"NZM33",NA,"Q61R",NA,NA,NA,NA,NA,NA,NA,"WT","NZM33","NRAS"
"NZM36",NA,NA,NA,NA,NA,NA,NA,NA,NA,"C228T","NZM36","WT"
"NZM37",NA,NA,NA,NA,NA,"S45F",NA,NA,NA,"C228T","NZM37","WT"
"NZM04","V600E",NA,NA,NA,NA,NA,NA,NA,NA,"C228T","NZM04","BRAF"
"NZM47",NA,NA,NA,NA,"Q209L",NA,NA,NA,NA,"C250T","NZM47","WT"
"NZM48",NA,"Q61K",NA,NA,NA,NA,NA,NA,NA,"C250T","NZM48","NRAS"
"NZM50",NA,NA,NA,NA,NA,NA,NA,NA,NA,"WT","NZM50","WT"
"NZM52","V600E",NA,NA,"H1047R",NA,NA,NA,NA,NA,"C228T","NZM52","BRAF"
"NZM53",NA,NA,NA,NA,NA,NA,NA,NA,NA,"C250T","NZM53","WT"
"NZM65","V600E",NA,NA,NA,NA,NA,NA,NA,NA,"C250T","NZM65","BRAF"
"NZM69","V600E",NA,NA,NA,NA,NA,NA,NA,NA,"WT","NZM69","BRAF"
"NZM07","V600E",NA,NA,NA,NA,NA,"R429C",NA,NA,"C250T","NZM07","BRAF"
"NZM74",NA,"Q61K",NA,NA,NA,NA,NA,NA,NA,"C250T","NZM74","NRAS"
"NZM77","V600E",NA,NA,NA,NA,NA,NA,NA,NA,"C228T","NZM77","BRAF"
"NZM78",NA,"Q61R",NA,NA,NA,NA,NA,"T992I",NA,"WT","NZM78","NRAS"
"NZM85","V600E",NA,NA,NA,NA,NA,NA,NA,NA,"C228T","NZM85","BRAF"
"NZM86",NA,"Q61K",NA,NA,NA,NA,NA,NA,NA,"WT","NZM86","NRAS"
"NZM87","V600E",NA,NA,NA,NA,NA,NA,NA,"E996K","C250T","NZM87","BRAF"
"NZM90","V600E",NA,NA,NA,NA,NA,NA,NA,NA,"WT","NZM90","BRAF"
"NZM91",NA,NA,NA,"E545K",NA,NA,NA,NA,NA,"WT","NZM91_1","WT"
"NZM91",NA,NA,NA,"E545K",NA,NA,NA,NA,NA,"WT","NZM91_2","WT"
"NZM92",NA,"Q61K",NA,NA,NA,NA,NA,NA,NA,"C250T","NZM92_1","NRAS"
"NZM93",NA,"Q61R",NA,NA,NA,NA,NA,NA,NA,"WT","NZM93","NRAS"
"NZM98",NA,"Q61K",NA,NA,NA,"S45F",NA,NA,NA,"C228T","NZM98","NRAS"
"NZM10",NA,"Q61K",NA,NA,NA,NA,NA,NA,NA,"C228T","NZM10","NRAS"
"NZM103","V600E",NA,NA,NA,NA,NA,NA,NA,NA,"C228T","NZM103","BRAF"
"NZM11","V600E",NA,NA,NA,NA,"S45F",NA,NA,NA,"WT","NZM11","BRAF"
"NZM12","V600E",NA,NA,NA,NA,NA,NA,NA,NA,"C250T","NZM12","BRAF"
"NZM12","V600E",NA,NA,NA,NA,NA,NA,NA,NA,"C250T","NZM12PR","BRAF"
"NZM14","V600K",NA,NA,NA,NA,NA,NA,NA,NA,"C228T","NZM14","BRAF"
"NZM15",NA,"Q61K",NA,NA,NA,NA,NA,NA,NA,"C228T/C250T","NZM15","NRAS"
"NZM22","G466A",NA,NA,NA,NA,NA,NA,NA,NA,"C228T","NZM22","BRAF"
"NZM32","V600E",NA,NA,NA,NA,NA,NA,NA,NA,"C250T","NZM32","BRAF"
"NZM34","V600E",NA,NA,NA,NA,NA,NA,NA,NA,"C250T","NZM34","BRAF"
"NZM40",NA,"Q61H",NA,"H1047R",NA,NA,NA,NA,NA,"C228T","NZM40","NRAS"
"NZM42",NA,"Q61K",NA,NA,NA,NA,NA,NA,NA,"C250T","NZM42","NRAS"
"NZM43","V600K",NA,NA,NA,NA,NA,NA,NA,NA,"WT","NZM43","BRAF"
"NZM45",NA,"Q61L",NA,NA,"R183C",NA,NA,NA,NA,"WT","NZM45","NRAS"
"NZM46","V600E",NA,NA,NA,NA,NA,NA,NA,NA,"C228T","NZM46","BRAF"
"NZM49","V600E",NA,NA,NA,NA,NA,NA,NA,NA,"WT","NZM49","BRAF"
"NZM51","UD","UD","UD","UD","UD","UD","UD","UD","UD","UD","NZM51","UD"
"NZM54","V600E",NA,NA,NA,NA,NA,NA,NA,NA,"C250T","NZM54","BRAF"
"NZM59",NA,"Q61R",NA,NA,NA,NA,NA,NA,NA,"C228T","NZM59","NRAS"
"NZM06","V600E",NA,NA,NA,NA,NA,NA,NA,NA,"WT","NZM06","BRAF"
"NZM60",NA,"Q61H",NA,NA,NA,NA,NA,NA,NA,"WT","NZM60","NRAS"
"NZM61",NA,"Q61L",NA,NA,NA,NA,NA,NA,NA,"C228T","NZM61","NRAS"
"NZM62","V600E",NA,NA,NA,NA,NA,NA,NA,NA,"C250T","NZM62","BRAF"
"NZM63",NA,"G13R",NA,NA,NA,NA,NA,NA,NA,"WT","NZM63","NRAS"
"NZM64",NA,NA,NA,NA,NA,NA,NA,NA,NA,"C250T","NZM64","WT"
"NZM70",NA,NA,NA,NA,NA,NA,NA,NA,NA,"C228T","NZM70","WT"
"NZM72",NA,NA,NA,NA,NA,NA,NA,NA,NA,"C228T","NZM72","WT"
"NZM75",NA,NA,NA,NA,NA,NA,NA,NA,NA,"WT","NZM75","WT"
"NZM07","V600E",NA,NA,NA,NA,NA,"R429C",NA,NA,"C250T","NZM7PR","BRAF"
"NZM80",NA,NA,NA,NA,NA,NA,NA,NA,NA,"WT","NZM80","WT"
"NZM84",NA,NA,NA,NA,NA,NA,NA,NA,NA,"WT","NZM84","WT"
"NZM92",NA,"Q61K",NA,NA,NA,NA,NA,NA,NA,"C250T","NZM92_2","NRAS"
"NZM96",NA,"Q61L",NA,NA,NA,NA,NA,NA,NA,"C250T","NZM96","NRAS"
"NZM97",NA,"Q61R",NA,NA,NA,NA,NA,NA,NA,"C228T","NZM97","NRAS"
